patientunitstayid,Albumin_day_1,ALT_day_1,AST_day_1,Bands_day_1,Bicarbonate_day_1,Bilirubin_day_1,BUN_day_1,Chloride_day_1,Creatinine_day_1,CRP_day_1,FiO2_day_1,GCS_day_1,Glucose_day_1,Heart_rate_day_1,Hemoglobin_day_1,INR_day_1,Lactate_day_1,Lymphocyte_count_day_1,Lymphocyte_percent_day_1,MAP_day_1,PaO2_day_1,Platelet_day_1,RDW_day_1,Respiratory_rate_day_1,SO2_day_1,Sodium_day_1,Systolic_ABP_day_1,Temperature_day_1,Troponin I_day_1,Troponin T_day_1,Urine_day_1,WBC_day_1,age,gender,BMI,Albumin_day_2,ALT_day_2,AST_day_2,Bands_day_2,Bicarbonate_day_2,Bilirubin_day_2,BUN_day_2,Chloride_day_2,Creatinine_day_2,CRP_day_2,FiO2_day_2,GCS_day_2,Glucose_day_2,Heart_rate_day_2,Hemoglobin_day_2,INR_day_2,Lactate_day_2,Lymphocyte_count_day_2,Lymphocyte_percent_day_2,MAP_day_2,PaO2_day_2,Platelet_day_2,RDW_day_2,Respiratory_rate_day_2,SO2_day_2,Sodium_day_2,Systolic_ABP_day_2,Temperature_day_2,Troponin I_day_2,Troponin T_day_2,Urine_day_2,WBC_day_2,Albumin_day_3,ALT_day_3,AST_day_3,Bands_day_3,Bicarbonate_day_3,Bilirubin_day_3,BUN_day_3,Chloride_day_3,Creatinine_day_3,CRP_day_3,FiO2_day_3,GCS_day_3,Glucose_day_3,Heart_rate_day_3,Hemoglobin_day_3,INR_day_3,Lactate_day_3,Lymphocyte_count_day_3,Lymphocyte_percent_day_3,MAP_day_3,PaO2_day_3,Platelet_day_3,RDW_day_3,Respiratory_rate_day_3,SO2_day_3,Sodium_day_3,Systolic_ABP_day_3,Temperature_day_3,Troponin I_day_3,Troponin T_day_3,Urine_day_3,WBC_day_3,Albumin_day_4,ALT_day_4,AST_day_4,Bands_day_4,Bicarbonate_day_4,Bilirubin_day_4,BUN_day_4,Chloride_day_4,Creatinine_day_4,CRP_day_4,FiO2_day_4,GCS_day_4,Glucose_day_4,Heart_rate_day_4,Hemoglobin_day_4,INR_day_4,Lactate_day_4,Lymphocyte_count_day_4,Lymphocyte_percent_day_4,MAP_day_4,PaO2_day_4,Platelet_day_4,RDW_day_4,Respiratory_rate_day_4,SO2_day_4,Sodium_day_4,Systolic_ABP_day_4,Temperature_day_4,Troponin I_day_4,Troponin T_day_4,Urine_day_4,WBC_day_4,Albumin_day_5,ALT_day_5,AST_day_5,Bands_day_5,Bicarbonate_day_5,Bilirubin_day_5,BUN_day_5,Chloride_day_5,Creatinine_day_5,CRP_day_5,FiO2_day_5,GCS_day_5,Glucose_day_5,Heart_rate_day_5,Hemoglobin_day_5,INR_day_5,Lactate_day_5,Lymphocyte_count_day_5,Lymphocyte_percent_day_5,MAP_day_5,PaO2_day_5,Platelet_day_5,RDW_day_5,Respiratory_rate_day_5,SO2_day_5,Sodium_day_5,Systolic_ABP_day_5,Temperature_day_5,Troponin I_day_5,Troponin T_day_5,Urine_day_5,WBC_day_5,Albumin_day_6,ALT_day_6,AST_day_6,Bands_day_6,Bicarbonate_day_6,Bilirubin_day_6,BUN_day_6,Chloride_day_6,Creatinine_day_6,CRP_day_6,FiO2_day_6,GCS_day_6,Glucose_day_6,Heart_rate_day_6,Hemoglobin_day_6,INR_day_6,Lactate_day_6,Lymphocyte_count_day_6,Lymphocyte_percent_day_6,MAP_day_6,PaO2_day_6,Platelet_day_6,RDW_day_6,Respiratory_rate_day_6,SO2_day_6,Sodium_day_6,Systolic_ABP_day_6,Temperature_day_6,Troponin I_day_6,Troponin T_day_6,Urine_day_6,WBC_day_6,Albumin_day_7,ALT_day_7,AST_day_7,Bands_day_7,Bicarbonate_day_7,Bilirubin_day_7,BUN_day_7,Chloride_day_7,Creatinine_day_7,CRP_day_7,FiO2_day_7,GCS_day_7,Glucose_day_7,Heart_rate_day_7,Hemoglobin_day_7,INR_day_7,Lactate_day_7,Lymphocyte_count_day_7,Lymphocyte_percent_day_7,MAP_day_7,PaO2_day_7,Platelet_day_7,RDW_day_7,Respiratory_rate_day_7,SO2_day_7,Sodium_day_7,Systolic_ABP_day_7,Temperature_day_7,Troponin I_day_7,Troponin T_day_7,Urine_day_7,WBC_day_7,Albumin_day_8,ALT_day_8,AST_day_8,Bands_day_8,Bicarbonate_day_8,Bilirubin_day_8,BUN_day_8,Chloride_day_8,Creatinine_day_8,CRP_day_8,FiO2_day_8,GCS_day_8,Glucose_day_8,Heart_rate_day_8,Hemoglobin_day_8,INR_day_8,Lactate_day_8,Lymphocyte_count_day_8,Lymphocyte_percent_day_8,MAP_day_8,PaO2_day_8,Platelet_day_8,RDW_day_8,Respiratory_rate_day_8,SO2_day_8,Sodium_day_8,Systolic_ABP_day_8,Temperature_day_8,Troponin I_day_8,Troponin T_day_8,Urine_day_8,WBC_day_8,Albumin_day_9,ALT_day_9,AST_day_9,Bands_day_9,Bicarbonate_day_9,Bilirubin_day_9,BUN_day_9,Chloride_day_9,Creatinine_day_9,CRP_day_9,FiO2_day_9,GCS_day_9,Glucose_day_9,Heart_rate_day_9,Hemoglobin_day_9,INR_day_9,Lactate_day_9,Lymphocyte_count_day_9,Lymphocyte_percent_day_9,MAP_day_9,PaO2_day_9,Platelet_day_9,RDW_day_9,Respiratory_rate_day_9,SO2_day_9,Sodium_day_9,Systolic_ABP_day_9,Temperature_day_9,Troponin I_day_9,Troponin T_day_9,Urine_day_9,WBC_day_9,Albumin_day_10,ALT_day_10,AST_day_10,Bands_day_10,Bicarbonate_day_10,Bilirubin_day_10,BUN_day_10,Chloride_day_10,Creatinine_day_10,CRP_day_10,FiO2_day_10,GCS_day_10,Glucose_day_10,Heart_rate_day_10,Hemoglobin_day_10,INR_day_10,Lactate_day_10,Lymphocyte_count_day_10,Lymphocyte_percent_day_10,MAP_day_10,PaO2_day_10,Platelet_day_10,RDW_day_10,Respiratory_rate_day_10,SO2_day_10,Sodium_day_10,Systolic_ABP_day_10,Temperature_day_10,Troponin I_day_10,Troponin T_day_10,Urine_day_10,WBC_day_10,Albumin_day_11,ALT_day_11,AST_day_11,Bands_day_11,Bicarbonate_day_11,Bilirubin_day_11,BUN_day_11,Chloride_day_11,Creatinine_day_11,CRP_day_11,FiO2_day_11,GCS_day_11,Glucose_day_11,Heart_rate_day_11,Hemoglobin_day_11,INR_day_11,Lactate_day_11,Lymphocyte_count_day_11,Lymphocyte_percent_day_11,MAP_day_11,PaO2_day_11,Platelet_day_11,RDW_day_11,Respiratory_rate_day_11,SO2_day_11,Sodium_day_11,Systolic_ABP_day_11,Temperature_day_11,Troponin I_day_11,Troponin T_day_11,Urine_day_11,WBC_day_11,Albumin_day_12,ALT_day_12,AST_day_12,Bands_day_12,Bicarbonate_day_12,Bilirubin_day_12,BUN_day_12,Chloride_day_12,Creatinine_day_12,CRP_day_12,FiO2_day_12,GCS_day_12,Glucose_day_12,Heart_rate_day_12,Hemoglobin_day_12,INR_day_12,Lactate_day_12,Lymphocyte_count_day_12,Lymphocyte_percent_day_12,MAP_day_12,PaO2_day_12,Platelet_day_12,RDW_day_12,Respiratory_rate_day_12,SO2_day_12,Sodium_day_12,Systolic_ABP_day_12,Temperature_day_12,Troponin I_day_12,Troponin T_day_12,Urine_day_12,WBC_day_12,Albumin_day_13,ALT_day_13,AST_day_13,Bands_day_13,Bicarbonate_day_13,Bilirubin_day_13,BUN_day_13,Chloride_day_13,Creatinine_day_13,CRP_day_13,FiO2_day_13,GCS_day_13,Glucose_day_13,Heart_rate_day_13,Hemoglobin_day_13,INR_day_13,Lactate_day_13,Lymphocyte_count_day_13,Lymphocyte_percent_day_13,MAP_day_13,PaO2_day_13,Platelet_day_13,RDW_day_13,Respiratory_rate_day_13,SO2_day_13,Sodium_day_13,Systolic_ABP_day_13,Temperature_day_13,Troponin I_day_13,Troponin T_day_13,Urine_day_13,WBC_day_13,Albumin_day_14,ALT_day_14,AST_day_14,Bands_day_14,Bicarbonate_day_14,Bilirubin_day_14,BUN_day_14,Chloride_day_14,Creatinine_day_14,CRP_day_14,FiO2_day_14,GCS_day_14,Glucose_day_14,Heart_rate_day_14,Hemoglobin_day_14,INR_day_14,Lactate_day_14,Lymphocyte_count_day_14,Lymphocyte_percent_day_14,MAP_day_14,PaO2_day_14,Platelet_day_14,RDW_day_14,Respiratory_rate_day_14,SO2_day_14,Sodium_day_14,Systolic_ABP_day_14,Temperature_day_14,Troponin I_day_14,Troponin T_day_14,Urine_day_14,WBC_day_14,Albumin_day_15,ALT_day_15,AST_day_15,Bands_day_15,Bicarbonate_day_15,Bilirubin_day_15,BUN_day_15,Chloride_day_15,Creatinine_day_15,CRP_day_15,FiO2_day_15,GCS_day_15,Glucose_day_15,Heart_rate_day_15,Hemoglobin_day_15,INR_day_15,Lactate_day_15,Lymphocyte_count_day_15,Lymphocyte_percent_day_15,MAP_day_15,PaO2_day_15,Platelet_day_15,RDW_day_15,Respiratory_rate_day_15,SO2_day_15,Sodium_day_15,Systolic_ABP_day_15,Temperature_day_15,Troponin I_day_15,Troponin T_day_15,Urine_day_15,WBC_day_15,Albumin_day_16,ALT_day_16,AST_day_16,Bands_day_16,Bicarbonate_day_16,Bilirubin_day_16,BUN_day_16,Chloride_day_16,Creatinine_day_16,CRP_day_16,FiO2_day_16,GCS_day_16,Glucose_day_16,Heart_rate_day_16,Hemoglobin_day_16,INR_day_16,Lactate_day_16,Lymphocyte_count_day_16,Lymphocyte_percent_day_16,MAP_day_16,PaO2_day_16,Platelet_day_16,RDW_day_16,Respiratory_rate_day_16,SO2_day_16,Sodium_day_16,Systolic_ABP_day_16,Temperature_day_16,Troponin I_day_16,Troponin T_day_16,Urine_day_16,WBC_day_16,Albumin_day_17,ALT_day_17,AST_day_17,Bands_day_17,Bicarbonate_day_17,Bilirubin_day_17,BUN_day_17,Chloride_day_17,Creatinine_day_17,CRP_day_17,FiO2_day_17,GCS_day_17,Glucose_day_17,Heart_rate_day_17,Hemoglobin_day_17,INR_day_17,Lactate_day_17,Lymphocyte_count_day_17,Lymphocyte_percent_day_17,MAP_day_17,PaO2_day_17,Platelet_day_17,RDW_day_17,Respiratory_rate_day_17,SO2_day_17,Sodium_day_17,Systolic_ABP_day_17,Temperature_day_17,Troponin I_day_17,Troponin T_day_17,Urine_day_17,WBC_day_17,Albumin_day_18,ALT_day_18,AST_day_18,Bands_day_18,Bicarbonate_day_18,Bilirubin_day_18,BUN_day_18,Chloride_day_18,Creatinine_day_18,CRP_day_18,FiO2_day_18,GCS_day_18,Glucose_day_18,Heart_rate_day_18,Hemoglobin_day_18,INR_day_18,Lactate_day_18,Lymphocyte_count_day_18,Lymphocyte_percent_day_18,MAP_day_18,PaO2_day_18,Platelet_day_18,RDW_day_18,Respiratory_rate_day_18,SO2_day_18,Sodium_day_18,Systolic_ABP_day_18,Temperature_day_18,Troponin I_day_18,Troponin T_day_18,Urine_day_18,WBC_day_18,Albumin_day_19,ALT_day_19,AST_day_19,Bands_day_19,Bicarbonate_day_19,Bilirubin_day_19,BUN_day_19,Chloride_day_19,Creatinine_day_19,CRP_day_19,FiO2_day_19,GCS_day_19,Glucose_day_19,Heart_rate_day_19,Hemoglobin_day_19,INR_day_19,Lactate_day_19,Lymphocyte_count_day_19,Lymphocyte_percent_day_19,MAP_day_19,PaO2_day_19,Platelet_day_19,RDW_day_19,Respiratory_rate_day_19,SO2_day_19,Sodium_day_19,Systolic_ABP_day_19,Temperature_day_19,Troponin I_day_19,Troponin T_day_19,Urine_day_19,WBC_day_19,Albumin_day_20,ALT_day_20,AST_day_20,Bands_day_20,Bicarbonate_day_20,Bilirubin_day_20,BUN_day_20,Chloride_day_20,Creatinine_day_20,CRP_day_20,FiO2_day_20,GCS_day_20,Glucose_day_20,Heart_rate_day_20,Hemoglobin_day_20,INR_day_20,Lactate_day_20,Lymphocyte_count_day_20,Lymphocyte_percent_day_20,MAP_day_20,PaO2_day_20,Platelet_day_20,RDW_day_20,Respiratory_rate_day_20,SO2_day_20,Sodium_day_20,Systolic_ABP_day_20,Temperature_day_20,Troponin I_day_20,Troponin T_day_20,Urine_day_20,WBC_day_20,Albumin_day_21,ALT_day_21,AST_day_21,Bands_day_21,Bicarbonate_day_21,Bilirubin_day_21,BUN_day_21,Chloride_day_21,Creatinine_day_21,CRP_day_21,FiO2_day_21,GCS_day_21,Glucose_day_21,Heart_rate_day_21,Hemoglobin_day_21,INR_day_21,Lactate_day_21,Lymphocyte_count_day_21,Lymphocyte_percent_day_21,MAP_day_21,PaO2_day_21,Platelet_day_21,RDW_day_21,Respiratory_rate_day_21,SO2_day_21,Sodium_day_21,Systolic_ABP_day_21,Temperature_day_21,Troponin I_day_21,Troponin T_day_21,Urine_day_21,WBC_day_21,Albumin_day_22,ALT_day_22,AST_day_22,Bands_day_22,Bicarbonate_day_22,Bilirubin_day_22,BUN_day_22,Chloride_day_22,Creatinine_day_22,CRP_day_22,FiO2_day_22,GCS_day_22,Glucose_day_22,Heart_rate_day_22,Hemoglobin_day_22,INR_day_22,Lactate_day_22,Lymphocyte_count_day_22,Lymphocyte_percent_day_22,MAP_day_22,PaO2_day_22,Platelet_day_22,RDW_day_22,Respiratory_rate_day_22,SO2_day_22,Sodium_day_22,Systolic_ABP_day_22,Temperature_day_22,Troponin I_day_22,Troponin T_day_22,Urine_day_22,WBC_day_22,Albumin_day_23,ALT_day_23,AST_day_23,Bands_day_23,Bicarbonate_day_23,Bilirubin_day_23,BUN_day_23,Chloride_day_23,Creatinine_day_23,CRP_day_23,FiO2_day_23,GCS_day_23,Glucose_day_23,Heart_rate_day_23,Hemoglobin_day_23,INR_day_23,Lactate_day_23,Lymphocyte_count_day_23,Lymphocyte_percent_day_23,MAP_day_23,PaO2_day_23,Platelet_day_23,RDW_day_23,Respiratory_rate_day_23,SO2_day_23,Sodium_day_23,Systolic_ABP_day_23,Temperature_day_23,Troponin I_day_23,Troponin T_day_23,Urine_day_23,WBC_day_23,Albumin_day_24,ALT_day_24,AST_day_24,Bands_day_24,Bicarbonate_day_24,Bilirubin_day_24,BUN_day_24,Chloride_day_24,Creatinine_day_24,CRP_day_24,FiO2_day_24,GCS_day_24,Glucose_day_24,Heart_rate_day_24,Hemoglobin_day_24,INR_day_24,Lactate_day_24,Lymphocyte_count_day_24,Lymphocyte_percent_day_24,MAP_day_24,PaO2_day_24,Platelet_day_24,RDW_day_24,Respiratory_rate_day_24,SO2_day_24,Sodium_day_24,Systolic_ABP_day_24,Temperature_day_24,Troponin I_day_24,Troponin T_day_24,Urine_day_24,WBC_day_24,Albumin_day_25,ALT_day_25,AST_day_25,Bands_day_25,Bicarbonate_day_25,Bilirubin_day_25,BUN_day_25,Chloride_day_25,Creatinine_day_25,CRP_day_25,FiO2_day_25,GCS_day_25,Glucose_day_25,Heart_rate_day_25,Hemoglobin_day_25,INR_day_25,Lactate_day_25,Lymphocyte_count_day_25,Lymphocyte_percent_day_25,MAP_day_25,PaO2_day_25,Platelet_day_25,RDW_day_25,Respiratory_rate_day_25,SO2_day_25,Sodium_day_25,Systolic_ABP_day_25,Temperature_day_25,Troponin I_day_25,Troponin T_day_25,Urine_day_25,WBC_day_25,Albumin_day_26,ALT_day_26,AST_day_26,Bands_day_26,Bicarbonate_day_26,Bilirubin_day_26,BUN_day_26,Chloride_day_26,Creatinine_day_26,CRP_day_26,FiO2_day_26,GCS_day_26,Glucose_day_26,Heart_rate_day_26,Hemoglobin_day_26,INR_day_26,Lactate_day_26,Lymphocyte_count_day_26,Lymphocyte_percent_day_26,MAP_day_26,PaO2_day_26,Platelet_day_26,RDW_day_26,Respiratory_rate_day_26,SO2_day_26,Sodium_day_26,Systolic_ABP_day_26,Temperature_day_26,Troponin I_day_26,Troponin T_day_26,Urine_day_26,WBC_day_26,Albumin_day_27,ALT_day_27,AST_day_27,Bands_day_27,Bicarbonate_day_27,Bilirubin_day_27,BUN_day_27,Chloride_day_27,Creatinine_day_27,CRP_day_27,FiO2_day_27,GCS_day_27,Glucose_day_27,Heart_rate_day_27,Hemoglobin_day_27,INR_day_27,Lactate_day_27,Lymphocyte_count_day_27,Lymphocyte_percent_day_27,MAP_day_27,PaO2_day_27,Platelet_day_27,RDW_day_27,Respiratory_rate_day_27,SO2_day_27,Sodium_day_27,Systolic_ABP_day_27,Temperature_day_27,Troponin I_day_27,Troponin T_day_27,Urine_day_27,WBC_day_27,Albumin_day_28,ALT_day_28,AST_day_28,Bands_day_28,Bicarbonate_day_28,Bilirubin_day_28,BUN_day_28,Chloride_day_28,Creatinine_day_28,CRP_day_28,FiO2_day_28,GCS_day_28,Glucose_day_28,Heart_rate_day_28,Hemoglobin_day_28,INR_day_28,Lactate_day_28,Lymphocyte_count_day_28,Lymphocyte_percent_day_28,MAP_day_28,PaO2_day_28,Platelet_day_28,RDW_day_28,Respiratory_rate_day_28,SO2_day_28,Sodium_day_28,Systolic_ABP_day_28,Temperature_day_28,Troponin I_day_28,Troponin T_day_28,Urine_day_28,WBC_day_28
141203,1.6,16.0,26.0,,25.0,0.5,11.0,110.0,0.71,,,,145.0,118.0,11.0,3.5,3.5,,20.0,38.0,51.0,407.0,15.6,32.0,70.0,145.0,67.0,36.7222222222222,0.02,,,23.3,77.0,Female,27.42,,,,,,,,,,,,,,94.0,,,,,,59.0,,,,23.0,96.0,,90.0,36.4,,,,,,,,,,,,,,,,,,84.0,,,,,,,,,,13.0,97.0,,,37.3,,,,,,,,,,,,,,,,,,,,,,,,,,,,,,,,,,,,,,,,,,,,,,,,,,,,,,,,,,,,,,,,,,,,,,,,,,,,,,,,,,,,,,,,,,,,,,,,,,,,,,,,,,,,,,,,,,,,,,,,,,,,,,,,,,,,,,,,,,,,,,,,,,,,,,,,,,,,,,,,,,,,,,,,,,,,,,,,,,,,,,,,,,,,,,,,,,,,,,,,,,,,,,,,,,,,,,,,,,,,,,,,,,,,,,,,,,,,,,,,,,,,,,,,,,,,,,,,,,,,,,,,,,,,,,,,,,,,,,,,,,,,,,,,,,,,,,,,,,,,,,,,,,,,,,,,,,,,,,,,,,,,,,,,,,,,,,,,,,,,,,,,,,,,,,,,,,,,,,,,,,,,,,,,,,,,,,,,,,,,,,,,,,,,,,,,,,,,,,,,,,,,,,,,,,,,,,,,,,,,,,,,,,,,,,,,,,,,,,,,,,,,,,,,,,,,,,,,,,,,,,,,,,,,,,,,,,,,,,,,,,,,,,,,,,,,,,,,,,,,,,,,,,,,,,,,,,,,,,,,,,,,,,,,,,,,,,,,,,,,,,,,,,,,,,,,,,,,,,,,,,,,,,,,,,,,,,,,,,,,,,,,,,,,,,,,,,,,,,,,,,,,,,,,,,,,,,,,,,,,,,,,,,,,,,,,,,,,,,,,,,,,,,,,,,,,,,,,,,,,,,,,,,,,,,,,,,,,,,,,,,,,,,,,,,,,,,,,,,,,,,,,,,,,,,,,,,,,,,,,,,,,,,,,,,,,,,,,,,,,,,,,,,,,,,,,,,,,,,,,,,,,,,,,,,,,,,,,,,,,,,,,,,,,,,,,,,,,,,,,,,,,
141288,3.0,30.0,17.0,26.0,24.0,0.8,17.0,105.0,0.95,,,15.0,88.0,127.0,11.8,1.3,3.2,,18.0,60.0,81.0,171.0,13.6,45.0,76.0,142.0,83.0,38.2222222222222,0.25,,,16.3,61.0,Female,34.87,,,,,27.0,,14.0,104.0,0.66,,,15.0,109.0,103.0,11.7,,,,3.0,65.0,,164.0,13.7,32.0,88.0,139.0,106.0,36.8,,,1000.0,16.0,,,,,25.0,,17.0,107.0,0.6,,,15.0,125.0,83.0,11.0,,,,2.0,,,153.0,13.4,22.0,94.0,141.0,135.0,36.7222222222222,,,,11.5,,,,,27.0,,19.0,107.0,0.71,,,15.0,121.0,84.0,12.0,1.1,,,3.0,105.0,,168.0,13.5,24.0,91.0,143.0,149.0,36.6111111111111,,,,11.9,,,,,27.0,,17.0,108.0,0.54,,,,76.0,,10.9,,,,6.0,,,165.0,13.3,,,143.0,,,,,,13.0,,,,,,,,,,,,14.0,,84.0,,,,,,93.0,,,,18.0,93.0,,121.0,36.4,,,,,,,,,,,,,,,,,,,,,,,,,,,,,,,,,,,,,,,,,,,,,,,,,,,,,,,,,,,,,,,,,,,,,,,,,,,,,,,,,,,,,,,,,,,,,,,,,,,,,,,,,,,,,,,,,,,,,,,,,,,,,,,,,,,,,,,,,,,,,,,,,,,,,,,,,,,,,,,,,,,,,,,,,,,,,,,,,,,,,,,,,,,,,,,,,,,,,,,,,,,,,,,,,,,,,,,,,,,,,,,,,,,,,,,,,,,,,,,,,,,,,,,,,,,,,,,,,,,,,,,,,,,,,,,,,,,,,,,,,,,,,,,,,,,,,,,,,,,,,,,,,,,,,,,,,,,,,,,,,,,,,,,,,,,,,,,,,,,,,,,,,,,,,,,,,,,,,,,,,,,,,,,,,,,,,,,,,,,,,,,,,,,,,,,,,,,,,,,,,,,,,,,,,,,,,,,,,,,,,,,,,,,,,,,,,,,,,,,,,,,,,,,,,,,,,,,,,,,,,,,,,,,,,,,,,,,,,,,,,,,,,,,,,,,,,,,,,,,,,,,,,,,,,,,,,,,,,,,,,,,,,,,,,,,,,,,,,,,,,,,,,,,,,,,,,,,,,,,,,,,,,,,,,,,,,,,,,,,,,,,,,,,,,,,,,,,,,,,,,,,,,,,,,,,,,,,,,,,,,,,,,,,,,,,,,,,,,,,,,,,,,,,,,,,,,,,,,,,,,,,,,,,,,,,,,,,,,,,,,,,,,,,,,,,,,,,,,,,,,,,,,,,,
141866,3.8,23.0,21.0,,26.0,0.5,27.0,106.0,1.47,,,8.0,184.0,110.0,11.5,1.1,,,41.0,66.0,,144.0,13.3,75.0,91.0,140.0,94.0,37.1111111111111,0.02,,600.0,8.3,88.0,Female,24.21,,,,,23.0,,16.0,107.0,1.12,,,8.0,173.0,120.0,12.7,,,,7.0,80.0,,140.0,13.5,39.0,92.0,138.0,112.0,38.2222222222222,0.04,,,12.6,,,,,,,,,,,,,,,,,,,,,,,,,,,,,,,,,,,,,,,,,,,,,,,,,,,,,,,,,,,,,,,,,,,,,,,,,,,,,,,,,,,,,,,,,,,,,,,,,,,,,,,,,,,,,,,,,,,,,,,,,,,,,,,,,,,,,,,,,,,,,,,,,,,,,,,,,,,,,,,,,,,,,,,,,,,,,,,,,,,,,,,,,,,,,,,,,,,,,,,,,,,,,,,,,,,,,,,,,,,,,,,,,,,,,,,,,,,,,,,,,,,,,,,,,,,,,,,,,,,,,,,,,,,,,,,,,,,,,,,,,,,,,,,,,,,,,,,,,,,,,,,,,,,,,,,,,,,,,,,,,,,,,,,,,,,,,,,,,,,,,,,,,,,,,,,,,,,,,,,,,,,,,,,,,,,,,,,,,,,,,,,,,,,,,,,,,,,,,,,,,,,,,,,,,,,,,,,,,,,,,,,,,,,,,,,,,,,,,,,,,,,,,,,,,,,,,,,,,,,,,,,,,,,,,,,,,,,,,,,,,,,,,,,,,,,,,,,,,,,,,,,,,,,,,,,,,,,,,,,,,,,,,,,,,,,,,,,,,,,,,,,,,,,,,,,,,,,,,,,,,,,,,,,,,,,,,,,,,,,,,,,,,,,,,,,,,,,,,,,,,,,,,,,,,,,,,,,,,,,,,,,,,,,,,,,,,,,,,,,,,,,,,,,,,,,,,,,,,,,,,,,,,,,,,,,,,,,,,,,,,,,,,,,,,,,,,,,,,,,,,,,,,,,,,,,,,,,,,,,,,,,,,,,,,,,,,,,,,,,,,,,,,,,,,,,,,,,,,,,,,,,,,,,,,,,,,,,,,,,,,,,,,,,,,,,,,,,,,,,,,,,,,,,,,,,,,,,,,,,,,,,,,,,,,,,,
141920,3.5,44.0,46.0,,24.0,0.7,34.0,104.0,1.63,,,15.0,136.0,126.0,11.3,,,,14.0,68.0,,190.0,14.8,56.0,82.0,138.0,97.0,38.8,,,80.0,22.4,81.0,Female,20.86,,,,,24.0,,29.0,106.0,1.03,,,15.0,133.0,92.0,11.5,,,,3.0,83.0,,191.0,14.5,65.0,95.0,141.0,118.0,36.3,,,700.0,21.7,,,,,,,,,,,,,,,,,,,,,,,,,,,,,,,,,,,,,,,,,,,,,,,,,,,,,,,,,,,,,,,,,,,,,,,,,,,,,,,,,,,,,,,,,,,,,,,,,,,,,,,,,,,,,,,,,,,,,,,,,,,,,,,,,,,,,,,,,,,,,,,,,,,,,,,,,,,,,,,,,,,,,,,,,,,,,,,,,,,,,,,,,,,,,,,,,,,,,,,,,,,,,,,,,,,,,,,,,,,,,,,,,,,,,,,,,,,,,,,,,,,,,,,,,,,,,,,,,,,,,,,,,,,,,,,,,,,,,,,,,,,,,,,,,,,,,,,,,,,,,,,,,,,,,,,,,,,,,,,,,,,,,,,,,,,,,,,,,,,,,,,,,,,,,,,,,,,,,,,,,,,,,,,,,,,,,,,,,,,,,,,,,,,,,,,,,,,,,,,,,,,,,,,,,,,,,,,,,,,,,,,,,,,,,,,,,,,,,,,,,,,,,,,,,,,,,,,,,,,,,,,,,,,,,,,,,,,,,,,,,,,,,,,,,,,,,,,,,,,,,,,,,,,,,,,,,,,,,,,,,,,,,,,,,,,,,,,,,,,,,,,,,,,,,,,,,,,,,,,,,,,,,,,,,,,,,,,,,,,,,,,,,,,,,,,,,,,,,,,,,,,,,,,,,,,,,,,,,,,,,,,,,,,,,,,,,,,,,,,,,,,,,,,,,,,,,,,,,,,,,,,,,,,,,,,,,,,,,,,,,,,,,,,,,,,,,,,,,,,,,,,,,,,,,,,,,,,,,,,,,,,,,,,,,,,,,,,,,,,,,,,,,,,,,,,,,,,,,,,,,,,,,,,,,,,,,,,,,,,,,,,,,,,,,,,,,,,,,,,,,,,,,,,,,,,,,,,,,,,,,,,,,,,,,,,,
141945,,,,,33.0,,54.0,102.0,3.86,,,15.0,177.0,82.0,6.5,1.1,,,10.0,55.0,,150.0,18.6,31.0,69.0,139.0,73.0,36.7222222222222,,,,16.8,72.0,Female,26.63,,,,,,,,,,,,15.0,,90.0,8.0,,,,12.0,50.0,,163.0,18.4,29.0,92.0,,69.0,36.7222222222222,0.06,,166.0,10.5,,,,,29.0,,41.0,101.0,3.67,,,13.0,109.0,87.0,8.1,,,,15.0,61.0,,181.0,17.6,37.0,87.0,138.0,76.0,37.1111111111111,0.08,,100.0,9.9,,,,,31.0,,22.0,100.0,2.5,,,13.0,116.0,90.0,8.1,,,,9.0,58.0,,167.0,17.4,22.0,83.0,137.0,83.0,36.7222222222222,,,125.0,9.0,,,,,30.0,,32.0,100.0,3.25,,,15.0,114.0,94.0,8.6,,,,12.0,68.0,,174.0,17.1,41.0,92.0,137.0,90.0,36.7222222222222,,,200.0,9.2,,,,,,,,,,,,15.0,,84.0,,,,,,64.0,,,,24.0,97.0,,89.0,36.7222222222222,,,,,,,,,,,,,,,,,,,,,,,,,,,,,,,,,,,,,,,,,,,,,,,,,,,,,,,,,,,,,,,,,,,,,,,,,,,,,,,,,,,,,,,,,,,,,,,,,,,,,,,,,,,,,,,,,,,,,,,,,,,,,,,,,,,,,,,,,,,,,,,,,,,,,,,,,,,,,,,,,,,,,,,,,,,,,,,,,,,,,,,,,,,,,,,,,,,,,,,,,,,,,,,,,,,,,,,,,,,,,,,,,,,,,,,,,,,,,,,,,,,,,,,,,,,,,,,,,,,,,,,,,,,,,,,,,,,,,,,,,,,,,,,,,,,,,,,,,,,,,,,,,,,,,,,,,,,,,,,,,,,,,,,,,,,,,,,,,,,,,,,,,,,,,,,,,,,,,,,,,,,,,,,,,,,,,,,,,,,,,,,,,,,,,,,,,,,,,,,,,,,,,,,,,,,,,,,,,,,,,,,,,,,,,,,,,,,,,,,,,,,,,,,,,,,,,,,,,,,,,,,,,,,,,,,,,,,,,,,,,,,,,,,,,,,,,,,,,,,,,,,,,,,,,,,,,,,,,,,,,,,,,,,,,,,,,,,,,,,,,,,,,,,,,,,,,,,,,,,,,,,,,,,,,,,,,,,,,,,,,,,,,,,,,,,,,,,,,,,,,,,,,,,,,,,,,,,,,,,,,,,,,,,,,,,,,,,,,,,,,,,,,,,,,,,,,,,,,,,,,,,,,,,,,,,,,,,,,,,,,,,,,,,,,,,,,,,,,,,,,,,,,,,,
142118,,,,,25.0,,20.0,105.0,1.17,,,15.0,87.0,110.0,12.2,1.1,,,8.0,76.0,,150.0,13.6,30.0,86.0,138.0,107.0,37.7222222222222,,,150.0,11.7,80.0,Male,33.35,,,,,27.0,,18.0,104.0,1.26,,,,82.0,119.0,12.1,,,,14.0,95.0,,149.0,13.7,20.0,91.0,137.0,137.0,38.7222222222222,,,,13.1,,,,,25.0,,15.0,105.0,1.16,,,,63.0,104.0,11.1,,,,4.0,,,143.0,13.5,20.0,93.0,138.0,99.0,37.3,,,,13.1,,,,,27.0,,19.0,104.0,1.27,,,,103.0,89.0,10.6,,,,6.0,,,166.0,13.7,20.0,90.0,138.0,109.0,37.3,,,1250.0,13.2,,,,,27.0,,18.0,103.0,1.33,,,,108.0,97.0,10.3,,,,5.0,,,188.0,13.9,16.0,88.0,138.0,110.0,37.1111111111111,,,2425.0,13.4,,,,,,,,,,,,,,,,,,,,,,,,,,,,,,,,,,,,,,,,,,,,,,,,,,,,,,,,,,,,,,,,,,,,,,,,,,,,,,,,,,,,,,,,,,,,,,,,,,,,,,,,,,,,,,,,,,,,,,,,,,,,,,,,,,,,,,,,,,,,,,,,,,,,,,,,,,,,,,,,,,,,,,,,,,,,,,,,,,,,,,,,,,,,,,,,,,,,,,,,,,,,,,,,,,,,,,,,,,,,,,,,,,,,,,,,,,,,,,,,,,,,,,,,,,,,,,,,,,,,,,,,,,,,,,,,,,,,,,,,,,,,,,,,,,,,,,,,,,,,,,,,,,,,,,,,,,,,,,,,,,,,,,,,,,,,,,,,,,,,,,,,,,,,,,,,,,,,,,,,,,,,,,,,,,,,,,,,,,,,,,,,,,,,,,,,,,,,,,,,,,,,,,,,,,,,,,,,,,,,,,,,,,,,,,,,,,,,,,,,,,,,,,,,,,,,,,,,,,,,,,,,,,,,,,,,,,,,,,,,,,,,,,,,,,,,,,,,,,,,,,,,,,,,,,,,,,,,,,,,,,,,,,,,,,,,,,,,,,,,,,,,,,,,,,,,,,,,,,,,,,,,,,,,,,,,,,,,,,,,,,,,,,,,,,,,,,,,,,,,,,,,,,,,,,,,,,,,,,,,,,,,,,,,,,,,,,,,,,,,,,,,,,,,,,,,,,,,,,,,,,,,,,,,,,,,,,,,,,,,,,,,,,,,,,,,,,,,,,,,,,,,,,,,,,,,,,,,,,,,,,,,,,,,,,,,,,,,
142974,3.4,55.0,18.0,,32.0,0.3,23.0,108.0,1.3,,,6.0,137.0,90.0,11.4,,,,15.0,59.0,76.0,256.0,16.2,33.0,83.0,147.0,84.0,36.9,,,,16.4,54.0,Female,47.53,,,,,30.0,,18.0,107.0,1.1,,,10.0,152.0,70.0,10.4,,,,19.0,79.0,,245.0,16.3,30.0,86.0,144.0,98.0,36.9,,,,9.4,,,,,34.0,,12.0,107.0,1.0,,,15.0,120.0,92.0,12.1,,,,14.0,98.0,,262.0,15.9,40.0,93.0,144.0,118.0,37.1111111111111,,,300.0,11.7,,,,,,,,,,,,,,,,,,,,,,,,,,,,,,,,,,,,,,,,,,,,,,,,,,,,,,,,,,,,,,,,,,,,,,,,,,,,,,,,,,,,,,,,,,,,,,,,,,,,,,,,,,,,,,,,,,,,,,,,,,,,,,,,,,,,,,,,,,,,,,,,,,,,,,,,,,,,,,,,,,,,,,,,,,,,,,,,,,,,,,,,,,,,,,,,,,,,,,,,,,,,,,,,,,,,,,,,,,,,,,,,,,,,,,,,,,,,,,,,,,,,,,,,,,,,,,,,,,,,,,,,,,,,,,,,,,,,,,,,,,,,,,,,,,,,,,,,,,,,,,,,,,,,,,,,,,,,,,,,,,,,,,,,,,,,,,,,,,,,,,,,,,,,,,,,,,,,,,,,,,,,,,,,,,,,,,,,,,,,,,,,,,,,,,,,,,,,,,,,,,,,,,,,,,,,,,,,,,,,,,,,,,,,,,,,,,,,,,,,,,,,,,,,,,,,,,,,,,,,,,,,,,,,,,,,,,,,,,,,,,,,,,,,,,,,,,,,,,,,,,,,,,,,,,,,,,,,,,,,,,,,,,,,,,,,,,,,,,,,,,,,,,,,,,,,,,,,,,,,,,,,,,,,,,,,,,,,,,,,,,,,,,,,,,,,,,,,,,,,,,,,,,,,,,,,,,,,,,,,,,,,,,,,,,,,,,,,,,,,,,,,,,,,,,,,,,,,,,,,,,,,,,,,,,,,,,,,,,,,,,,,,,,,,,,,,,,,,,,,,,,,,,,,,,,,,,,,,,,,,,,,,,,,,,,,,,,,,,,,,,,,,,,,,,,,,,,,,,,,,,,,,,,,,,,,,,,,,,,,,,,,,,,,,,,,,,,,,,,,
143433,2.8,19.0,17.0,,24.0,0.3,65.0,107.0,3.97,,,,197.0,90.0,8.7,,,,5.0,70.0,,155.0,16.6,23.0,92.0,139.0,118.0,37.1111111111111,0.34,,2325.0,18.5,60.0,Male,30.38,,,,,21.0,,65.0,103.0,3.83,,,15.0,162.0,93.0,9.5,,,,,74.0,,174.0,16.7,20.0,87.0,137.0,113.0,36.7222222222222,0.25,,2050.0,13.2,,,,,26.0,,77.0,102.0,4.0,,,,105.0,87.0,9.4,,,,,,,195.0,16.7,20.0,89.0,139.0,122.0,36.6111111111111,,,1525.0,14.8,,,,,26.0,,84.0,105.0,4.31,,,,152.0,92.0,9.1,,,,,,,182.0,16.5,24.0,91.0,140.0,102.0,37.3,,,300.0,13.5,,,,,26.0,,97.0,104.0,4.37,,,,213.0,90.0,9.3,,,,,,,191.0,16.0,21.0,93.0,141.0,112.0,37.2222222222222,,,1900.0,11.8,,,,,28.0,,90.0,109.0,4.07,,,,135.0,88.0,9.5,,,,,,,198.0,15.8,20.0,92.0,144.0,108.0,37.1111111111111,,,1875.0,10.7,,,,,,,,,,,,,,79.0,,,,,,,,,,22.0,95.0,,128.0,36.9,,,2200.0,,,,,,27.0,,74.0,113.0,3.43,,,,172.0,76.0,10.1,,,,,,,173.0,15.7,22.0,97.0,147.0,150.0,36.6111111111111,,,1600.0,11.0,,,,,29.0,,49.0,109.0,2.74,,,,98.0,82.0,10.1,,,,,,,164.0,15.2,20.0,98.0,143.0,140.0,36.8,,,1350.0,9.5,,,,,33.0,,41.0,103.0,2.83,,,,208.0,90.0,9.9,,,,,91.0,,165.0,15.3,22.0,91.0,140.0,136.0,37.0,,,1675.0,9.4,,,,,,,,,,,,,,74.0,,,,,,,,,,16.0,92.0,,160.0,36.4,,,300.0,,,,,,,,,,,,,,,,,,,,,,,,,,,,,,,,,,,,,,,,,,,,,,,,,,,,,,,,,,,,,,,,,,,,,,,,,,,,,,,,,,,,,,,,,,,,,,,,,,,,,,,,,,,,,,,,,,,,,,,,,,,,,,,,,,,,,,,,,,,,,,,,,,,,,,,,,,,,,,,,,,,,,,,,,,,,,,,,,,,,,,,,,,,,,,,,,,,,,,,,,,,,,,,,,,,,,,,,,,,,,,,,,,,,,,,,,,,,,,,,,,,,,,,,,,,,,,,,,,,,,,,,,,,,,,,,,,,,,,,,,,,,,,,,,,,,,,,,,,,,,,,,,,,,,,,,,,,,,,,,,,,,,,,,,,,,,,,,,,,,,,,,,,,,,,,,,,,,,,,,,,,,,,,,,,,,,,,,,,,,,,,,,,,,,,,,,,,,,,,,,,,,,,,,,,,,,,,,,,,,,,,,,,,,,,,,,,,,,,,,,,,,,,,,,,,,,,,,,,,,,,,,,,,,,,,,,,,,,,,,,,,,,,,,,,,,,,,,,,,,,,,,,,,,,,,,,,,,,,,,,,,,,,,,,,,,,,,,,,,,,,,,,
143578,2.0,24.0,30.0,8.0,25.0,0.4,58.0,105.0,5.58,,,8.0,155.0,74.0,7.0,2.4,1.4,,6.0,48.0,74.0,123.0,17.6,36.0,86.0,140.0,61.0,39.6111111111111,,,,16.0,65.0,Female,34.14,,,,,29.0,,23.0,101.0,2.7,,,14.0,133.0,82.0,8.5,2.7,,,2.0,46.0,,121.0,17.4,42.0,100.0,139.0,102.0,37.0,,,,15.5,1.8,25.0,31.0,,28.0,0.4,38.0,101.0,4.22,,,,170.0,62.0,7.2,3.4,,,,58.0,,115.0,17.4,20.0,94.0,139.0,110.0,36.9,,,,10.2,,,,,,,,,3.13,,,,,65.0,7.6,4.7,,,,,,122.0,17.3,18.0,,,142.0,37.0,,,100.0,7.5,,,,,,,,,,,,,,64.0,,3.3,,,,,,,,20.0,99.0,,138.0,37.0,,,51.0,,,,,,,,,,,,,,,60.0,,,,,,,,,,19.0,100.0,,103.0,36.9,,,5.0,,,,,,,,,,4.68,,,,,51.0,7.0,1.2,,,,,,143.0,16.8,18.0,98.0,,124.0,36.7222222222222,,,250.0,12.2,,,,,26.0,,52.0,99.0,5.28,,,,130.0,60.0,7.1,,,,7.0,,,178.0,17.2,18.0,93.0,132.0,102.0,37.2222222222222,,,125.0,8.2,,,,,28.0,,39.0,102.0,3.7,,,,307.0,60.0,7.8,1.3,,,5.0,,,156.0,16.8,18.0,98.0,135.0,78.0,37.0,,,,8.8,,,,,28.0,,52.0,100.0,4.73,,,,108.0,85.0,8.0,1.1,,,,48.0,,203.0,17.0,18.0,92.0,133.0,120.0,36.9,,,300.0,9.0,,,,,29.0,,24.0,102.0,2.96,,,,132.0,63.0,6.7,,,,5.0,70.0,,152.0,17.4,18.0,96.0,137.0,105.0,37.2222222222222,,,,8.7,,,,,25.0,,44.0,99.0,4.71,11.0,,,224.0,68.0,7.0,,,,5.0,,,190.0,17.2,18.0,94.0,136.0,92.0,36.9,,,300.0,9.0,,,,,,,,,3.06,,,,,56.0,8.7,1.2,,,6.0,67.0,,192.0,17.9,20.0,94.0,,131.0,36.7222222222222,,,,8.0,,,,,,,,,,,,,,58.0,,1.3,,,,97.0,,,,20.0,94.0,,156.0,37.0,,,1.0,,,,,,,,,,,,,,,52.0,,,,,,66.0,,,,21.0,95.0,,100.0,36.9,,,,,,,,,,,,,3.58,,,,,64.0,9.1,1.3,,,,75.0,,195.0,17.1,20.0,97.0,,128.0,36.8,,,,7.6,2.5,31.0,24.0,,28.0,0.5,44.0,100.0,4.46,,,,76.0,54.0,9.3,1.3,,,7.0,124.0,,213.0,17.6,20.0,93.0,137.0,172.0,36.9,,,,7.9,,,,,,,,,,,,,,,,,,,,,,,,,,,,,,,,,,,,,28.0,,30.0,101.0,4.34,7.2,,,103.0,85.0,8.8,,1.6,,11.0,62.0,,167.0,18.0,20.0,94.0,133.0,92.0,39.1111111111111,0.05,,0.0,7.3,,,,,,,,,,,,,,70.0,8.3,,,,6.0,76.0,,134.0,18.1,24.0,100.0,,133.0,39.1111111111111,,,,8.9,,,,,,,,,,,,,,56.0,7.4,1.2,,,7.0,66.0,,125.0,17.7,20.0,95.0,,119.0,36.8,,,0.0,7.3,,,,,,,,,5.11,,,,,76.0,7.2,1.3,,,,102.0,,132.0,17.4,20.0,90.0,,112.0,38.1111111111111,,,0.0,6.4,,,,,29.0,,20.0,102.0,4.28,,,15.0,85.0,80.0,7.5,1.3,,,9.0,84.0,,162.0,17.7,20.0,97.0,139.0,129.0,38.1111111111111,,,,7.3,,,,,28.0,,32.0,100.0,5.42,,,,79.0,76.0,,1.7,,,,89.0,,,,18.0,93.0,136.0,93.0,37.1111111111111,,,225.0,,,,,,24.0,,24.0,96.0,3.97,,,,64.0,82.0,8.1,1.8,,,,67.0,,203.0,17.7,18.0,96.0,140.0,107.0,36.9,,,,8.1,,,,,,,,,,,,,,,,,,,,,,,,,,,,,,,,,,,,,,,,,,,,,,,,,,,,,,,,,,,,,,,,,,,,,,,,,,,,,,,,,,,,,,,,,,,,,,,,
143689,2.6,75.0,202.0,,21.0,3.5,26.0,113.0,0.87,,,10.0,132.0,91.0,9.9,1.5,1.3,,20.0,53.0,77.0,85.0,19.5,54.0,83.0,146.0,109.0,37.9,,,2.0,8.8,51.0,Male,25.41,2.8,71.0,159.0,,21.0,2.8,23.0,109.0,0.74,,,10.0,94.0,75.0,10.6,,,,23.0,65.0,99.0,91.0,19.6,50.0,94.0,142.0,,37.9,,,,5.2,2.8,78.0,157.0,,22.0,3.0,20.0,105.0,0.74,,,10.0,91.0,81.0,10.6,,,,24.0,87.0,71.0,101.0,19.6,47.0,91.0,137.0,143.0,38.1111111111111,,,,4.8,2.8,74.0,161.0,,22.0,4.7,17.0,107.0,0.61,,,10.0,93.0,106.0,10.5,,,,14.0,,70.0,89.0,18.7,55.0,93.0,140.0,,37.6111111111111,,,,4.7,3.2,65.0,130.0,,22.0,5.3,15.0,107.0,0.63,,,10.0,92.0,117.0,9.9,1.5,,,20.0,,89.0,89.0,18.5,53.0,90.0,141.0,,37.4,,,150.0,3.3,3.7,78.0,172.0,,22.0,7.9,11.0,108.0,0.74,,,10.0,129.0,120.0,10.8,1.7,,,6.0,103.0,112.0,145.0,18.2,61.0,83.0,143.0,133.0,38.5,,,1400.0,10.9,3.1,78.0,153.0,,26.0,5.8,21.0,108.0,0.7,,,14.0,146.0,102.0,9.3,2.1,1.1,,13.0,62.0,,89.0,18.8,54.0,93.0,143.0,84.0,38.7222222222222,,,450.0,5.1,3.0,85.0,140.0,,23.0,5.4,26.0,110.0,0.74,,,15.0,132.0,80.0,9.9,1.9,1.3,,14.0,66.0,106.0,97.0,19.3,46.0,94.0,146.0,86.0,37.5,0.56,,,5.3,,,,,24.0,,21.0,105.0,0.7,,,15.0,110.0,85.0,,1.9,,,,67.0,,,,55.0,94.0,142.0,92.0,37.7222222222222,,,,,3.0,98.0,141.0,,,7.9,,,,,,,,106.0,10.8,,,,6.0,88.0,,60.0,19.8,39.0,94.0,,116.0,38.2222222222222,,,,10.1,,,,,,,,,,,,,,,,,,,,,,,,,,,,,,,,,,,,,,,,,,,,,,,,,,,,,,,,,,,,,,,,,,,,,,,,,,,,,,,,,,,,,,,,,,,,,,,,,,,,,,,,,,,,,,,,,,,,,,,,,,,,,,,,,,,,,,,,,,,,,,,,,,,,,,,,,,,,,,,,,,,,,,,,,,,,,,,,,,,,,,,,,,,,,,,,,,,,,,,,,,,,,,,,,,,,,,,,,,,,,,,,,,,,,,,,,,,,,,,,,,,,,,,,,,,,,,,,,,,,,,,,,,,,,,,,,,,,,,,,,,,,,,,,,,,,,,,,,,,,,,,,,,,,,,,,,,,,,,,,,,,,,,,,,,,,,,,,,,,,,,,,,,,,,,,,,,,,,,,,,,,,,,,,,,,,,,,,,,,,,,,,,,,,,,,,,,,,,,,,,,,,,,,,,,,,,,,,,,,,,,,,,,,,,,,,,,,,,,,,,,,,,,,,,,,,,,,,,,,,,,,,,,,,,,,,,,,,,,,,,,,,,,,,,,,,,,,,,,,,,,,,,,,,,,,,,,,,,,,,,,,,,,,,,,,,,,,,,,,,,,,,,,,,,,,,,,,,,,,,,,,,,,,,,,,,,,,,
143897,2.6,23.0,20.0,,24.0,0.5,35.0,99.0,6.42,,,,106.0,118.0,8.8,,2.4,,15.0,85.0,,126.0,17.5,43.0,91.0,138.0,114.0,38.2222222222222,,,20.0,6.8,57.0,Female,18.64,,,,,23.0,,20.0,96.0,4.17,,,,119.0,106.0,7.6,,,,8.0,72.0,,123.0,17.4,32.0,93.0,133.0,105.0,36.8,,,200.0,6.9,2.2,8.0,11.0,,22.0,0.3,33.0,97.0,5.61,,,,94.0,92.0,7.2,0.9,,,6.0,119.0,,135.0,17.3,24.0,97.0,134.0,134.0,37.0,,,300.0,6.4,,,,,27.0,,15.0,103.0,3.09,,,,81.0,97.0,7.7,,,,19.0,113.0,,138.0,17.2,24.0,97.0,137.0,143.0,37.1111111111111,,,750.0,6.2,,,,,24.0,,28.0,100.0,4.9,,,,70.0,102.0,7.5,,,,27.0,124.0,,151.0,17.3,29.0,94.0,135.0,153.0,37.1111111111111,,,100.0,5.3,,,,,,,,,,,,,,90.0,,,,,,,,,,20.0,97.0,,160.0,36.7222222222222,,,650.0,,,,,,,,,,,,,,,,,,,,,,,,,,,,,,,,,,,,,,,,,,,,,,,,,,,,,,,,,,,,,,,,,,,,,,,,,,,,,,,,,,,,,,,,,,,,,,,,,,,,,,,,,,,,,,,,,,,,,,,,,,,,,,,,,,,,,,,,,,,,,,,,,,,,,,,,,,,,,,,,,,,,,,,,,,,,,,,,,,,,,,,,,,,,,,,,,,,,,,,,,,,,,,,,,,,,,,,,,,,,,,,,,,,,,,,,,,,,,,,,,,,,,,,,,,,,,,,,,,,,,,,,,,,,,,,,,,,,,,,,,,,,,,,,,,,,,,,,,,,,,,,,,,,,,,,,,,,,,,,,,,,,,,,,,,,,,,,,,,,,,,,,,,,,,,,,,,,,,,,,,,,,,,,,,,,,,,,,,,,,,,,,,,,,,,,,,,,,,,,,,,,,,,,,,,,,,,,,,,,,,,,,,,,,,,,,,,,,,,,,,,,,,,,,,,,,,,,,,,,,,,,,,,,,,,,,,,,,,,,,,,,,,,,,,,,,,,,,,,,,,,,,,,,,,,,,,,,,,,,,,,,,,,,,,,,,,,,,,,,,,,,,,,,,,,,,,,,,,,,,,,,,,,,,,,,,,,,,,,,,,,,,,,,,,,,,,,,,,,,,,,,,,,,,,,,,,,,,,,,,,,,,,,,,,,,,,,,,,,,,,,,,,,,,,,,,,,,,,,,,,,,,,,,,,,,,,,,,,,,,,,,,,,,,,,,,,,,,,,,,,,,,,
144722,3.2,16.0,18.0,,21.0,0.9,43.0,99.0,6.33,,,14.0,347.0,128.0,10.1,2.9,2.2,,4.0,88.0,54.0,194.0,15.3,32.0,92.0,137.0,118.0,38.9,0.64,,,10.2,73.0,Male,19.63,,,,,25.0,,37.0,105.0,4.43,,,15.0,197.0,140.0,11.2,3.8,1.6,,2.0,61.0,137.0,264.0,15.3,24.0,96.0,145.0,89.0,36.8,,,0.0,17.1,,,,,24.0,,73.0,100.0,6.01,,,15.0,152.0,134.0,10.7,4.5,,,3.0,68.0,91.0,281.0,15.4,24.0,94.0,139.0,80.0,36.8,,,0.0,15.1,,,,,25.0,,48.0,102.0,4.17,,,15.0,335.0,132.0,10.7,3.6,,,4.0,70.0,,313.0,15.6,22.0,93.0,140.0,86.0,37.1111111111111,,,0.0,13.1,2.4,29.0,15.0,,24.0,0.3,73.0,98.0,5.59,,,15.0,229.0,136.0,,3.8,,,,79.0,,,,18.0,96.0,137.0,89.0,36.7222222222222,,,0.0,,,,,,,,,,,,,15.0,,77.0,,2.9,,,,,,,,18.0,93.0,,82.0,36.6111111111111,,,0.0,,,,,,25.0,,78.0,95.0,6.06,,,15.0,332.0,142.0,,2.5,,,,,,,,20.0,98.0,132.0,111.0,36.8,,,,,,,,,,,,,,,,,,,,,,,,,,,,,,,,,,,,,,,,,,,,,,,,,,,,,,,,,,,,,,,,,,,,,,,,,,,,,,,,,,,,,,,,,,,,,,,,,,,,,,,,,,,,,,,,,,,,,,,,,,,,,,,,,,,,,,,,,,,,,,,,,,,,,,,,,,,,,,,,,,,,,,,,,,,,,,,,,,,,,,,,,,,,,,,,,,,,,,,,,,,,,,,,,,,,,,,,,,,,,,,,,,,,,,,,,,,,,,,,,,,,,,,,,,,,,,,,,,,,,,,,,,,,,,,,,,,,,,,,,,,,,,,,,,,,,,,,,,,,,,,,,,,,,,,,,,,,,,,,,,,,,,,,,,,,,,,,,,,,,,,,,,,,,,,,,,,,,,,,,,,,,,,,,,,,,,,,,,,,,,,,,,,,,,,,,,,,,,,,,,,,,,,,,,,,,,,,,,,,,,,,,,,,,,,,,,,,,,,,,,,,,,,,,,,,,,,,,,,,,,,,,,,,,,,,,,,,,,,,,,,,,,,,,,,,,,,,,,,,,,,,,,,,,,,,,,,,,,,,,,,,,,,,,,,,,,,,,,,,,,,,,,,,,,,,,,,,,,,,,,,,,,,,,,,,,,,,,,,,,,,,,,,,,,,,,,,,,,,,,,,,,,,,,,,,,,,,,,,,,,,,,,,,,,,,,,,,,,,,,,,,,,,,,,,,,,,,,,,,,,,,,,,,,,,,,,,,
145135,,,,,31.0,,14.0,101.0,0.91,,,,152.0,124.0,9.5,2.0,,,20.0,72.0,54.0,281.0,16.9,54.0,78.0,139.0,87.0,37.9,,,2425.0,9.0,62.0,Male,31.38,,,,,32.0,,21.0,101.0,0.91,,,,169.0,106.0,9.4,3.5,,,7.0,75.0,,325.0,16.3,37.0,75.0,140.0,101.0,36.9,,,,16.1,,,,,,,,,,,,,,,,,,,,,,,,,80.0,,,,,,,,,,,,,,,,,,,,,,,,,,,,,,,,,,,,,,,,,,,,,,,,,,,,,,,,,,,,,,,,,,,,,,,,,,,,,,,,,,,,,,,,,,,,,,,,,,,,,,,,,,,,,,,,,,,,,,,,,,,,,,,,,,,,,,,,,,,,,,,,,,,,,,,,,,,,,,,,,,,,,,,,,,,,,,,,,,,,,,,,,,,,,,,,,,,,,,,,,,,,,,,,,,,,,,,,,,,,,,,,,,,,,,,,,,,,,,,,,,,,,,,,,,,,,,,,,,,,,,,,,,,,,,,,,,,,,,,,,,,,,,,,,,,,,,,,,,,,,,,,,,,,,,,,,,,,,,,,,,,,,,,,,,,,,,,,,,,,,,,,,,,,,,,,,,,,,,,,,,,,,,,,,,,,,,,,,,,,,,,,,,,,,,,,,,,,,,,,,,,,,,,,,,,,,,,,,,,,,,,,,,,,,,,,,,,,,,,,,,,,,,,,,,,,,,,,,,,,,,,,,,,,,,,,,,,,,,,,,,,,,,,,,,,,,,,,,,,,,,,,,,,,,,,,,,,,,,,,,,,,,,,,,,,,,,,,,,,,,,,,,,,,,,,,,,,,,,,,,,,,,,,,,,,,,,,,,,,,,,,,,,,,,,,,,,,,,,,,,,,,,,,,,,,,,,,,,,,,,,,,,,,,,,,,,,,,,,,,,,,,,,,,,,,,,,,,,,,,,,,,,,,,,,,,,,,,,,,,,,,,,,,,,,,,,,,,,,,,,,,,,,,,,,,,,,,,,,,,,,,,,,,,,,,,,,,,,,,,,,,,,,,,,,,,,,,,,,,,,,,,,,,,,,,,,,,,,,,,,,,,,,,,,,,,,,,,,,,,,,,,,,,
146349,1.9,19.0,43.0,4.0,17.0,3.2,27.0,107.0,4.75,,,7.0,130.0,111.0,9.5,1.7,1.4,,9.0,47.0,79.0,174.0,16.0,38.0,90.0,139.0,95.0,39.4,,,,31.7,56.0,Male,28.38,1.7,17.0,39.0,,16.0,2.2,42.0,108.0,5.74,,,7.0,225.0,84.0,6.9,1.4,,,2.0,53.0,,236.0,16.8,24.0,95.0,140.0,130.0,38.5,,,,32.2,,,,,25.0,,31.0,103.0,3.43,,,3.0,325.0,66.0,6.4,,,,3.0,58.0,,144.0,16.0,20.0,97.0,138.0,107.0,36.9,,,,20.1,1.4,15.0,22.0,,19.0,1.4,54.0,104.0,4.15,,,6.0,145.0,57.0,7.6,1.2,,,2.0,62.0,127.0,146.0,16.5,22.0,97.0,137.0,110.0,36.7222222222222,,,,20.9,1.3,14.0,21.0,,25.0,1.2,49.0,102.0,3.35,,,7.0,148.0,76.0,7.9,,,,7.0,57.0,109.0,140.0,15.7,18.0,95.0,138.0,95.0,36.7222222222222,,,,13.7,2.5,15.0,18.0,2.0,27.0,1.5,64.0,100.0,3.71,,,11.0,137.0,88.0,8.3,,,,2.0,68.0,101.0,170.0,15.4,18.0,95.0,138.0,135.0,37.2222222222222,,,,21.1,2.1,17.0,27.0,,26.0,1.3,95.0,97.0,4.71,,,,119.0,105.0,9.4,,,,6.0,85.0,,248.0,15.5,20.0,92.0,135.0,128.0,37.3,,,,26.3,1.9,18.0,28.0,1.0,31.0,1.2,70.0,97.0,4.23,,,,137.0,137.0,8.4,,,,5.0,68.0,,171.0,16.5,32.0,93.0,136.0,97.0,38.7222222222222,,,,19.6,1.9,14.0,26.0,,34.0,1.6,47.0,99.0,3.54,,,,149.0,109.0,6.5,,,,6.0,61.0,,151.0,16.3,25.0,93.0,142.0,86.0,37.9,,,,15.5,,,,,32.0,,59.0,98.0,4.7,,,,127.0,103.0,7.9,,,,7.0,84.0,,156.0,16.6,20.0,93.0,136.0,119.0,37.5,,,0.0,11.7,,,,,33.0,,37.0,100.0,4.06,,,,82.0,130.0,8.0,,,,8.0,78.0,,169.0,16.7,18.0,93.0,140.0,105.0,38.2222222222222,,,,10.8,,,,,31.0,,53.0,101.0,5.99,,,,67.0,112.0,5.1,1.3,,,8.0,,,197.0,16.7,17.0,92.0,139.0,77.0,38.2222222222222,,,,16.0,,,,,,,,,,,,,,,,,,,,,,,,,,,,,,,,,,,,,,,,,,,,,,,,,,,,,,,,,,,,,,,,,,,,,,,,,,,,,,,,,,,,,,,,,,,,,,,,,,,,,,,,,,,,,,,,,,,,,,,,,,,,,,,,,,,,,,,,,,,,,,,,,,,,,,,,,,,,,,,,,,,,,,,,,,,,,,,,,,,,,,,,,,,,,,,,,,,,,,,,,,,,,,,,,,,,,,,,,,,,,,,,,,,,,,,,,,,,,,,,,,,,,,,,,,,,,,,,,,,,,,,,,,,,,,,,,,,,,,,,,,,,,,,,,,,,,,,,,,,,,,,,,,,,,,,,,,,,,,,,,,,,,,,,,,,,,,,,,,,,,,,,,,,,,,,,,,,,,,,,,,,,,,,,,,,,,,,,,,,,,,,,,,,,,,,,,,,,,,,,,,,,,,,,,,,,,,,,,,,,,,,,,,,,,,,,,,,,,,,,,,,,,,,,,,,,,,,,,,,,,,,,,,,,,,,,,,,,,,,,,,,,,,,,,,,,,,,,,,,,,,,,,,,,,,,,
147247,,,,4.0,22.0,,28.0,98.0,4.46,,,3.0,89.0,88.0,9.4,1.4,,,30.0,48.0,66.0,93.0,16.9,20.0,93.0,138.0,84.0,36.9,,,250.0,12.0,90.0,Male,29.98,,,,,,,,,,,,15.0,,88.0,,,,,,64.0,,,,24.0,95.0,,98.0,37.4,,,,,,,,,27.0,,37.0,101.0,3.81,,,15.0,109.0,136.0,10.1,,,,11.0,52.0,,145.0,15.9,32.0,91.0,138.0,88.0,36.9,,,50.0,8.3,,,,,30.0,,21.0,102.0,2.64,,,15.0,96.0,84.0,,,,,,53.0,,,,36.0,96.0,141.0,86.0,36.9,,,100.0,,,,,,,,,,,,,,,,,,,,,,,,,,,,,,,,,,,,,,,,,,,,,,,,,,,,,,,,,,,,,,,,,,,,,,,,,,,,,,,,,,,,,,,,,,,,,,,,,,,,,,,,,,,,,,,,,,,,,,,,,,,,,,,,,,,,,,,,,,,,,,,,,,,,,,,,,,,,,,,,,,,,,,,,,,,,,,,,,,,,,,,,,,,,,,,,,,,,,,,,,,,,,,,,,,,,,,,,,,,,,,,,,,,,,,,,,,,,,,,,,,,,,,,,,,,,,,,,,,,,,,,,,,,,,,,,,,,,,,,,,,,,,,,,,,,,,,,,,,,,,,,,,,,,,,,,,,,,,,,,,,,,,,,,,,,,,,,,,,,,,,,,,,,,,,,,,,,,,,,,,,,,,,,,,,,,,,,,,,,,,,,,,,,,,,,,,,,,,,,,,,,,,,,,,,,,,,,,,,,,,,,,,,,,,,,,,,,,,,,,,,,,,,,,,,,,,,,,,,,,,,,,,,,,,,,,,,,,,,,,,,,,,,,,,,,,,,,,,,,,,,,,,,,,,,,,,,,,,,,,,,,,,,,,,,,,,,,,,,,,,,,,,,,,,,,,,,,,,,,,,,,,,,,,,,,,,,,,,,,,,,,,,,,,,,,,,,,,,,,,,,,,,,,,,,,,,,,,,,,,,,,,,,,,,,,,,,,,,,,,,,,,,,,,,,,,,,,,,,,,,,,,,,,,,,,,,,,,,,,,,,,,,,,,,,,,,,,,,,,,,,,,,,,,,,,,,,,,,,,,,,,,,,,,,,,,,,,,,,,,,,,,,,,,,,,,,,,,,,,,,,,,,,,,,
148108,1.9,19.0,13.0,,21.0,0.4,47.0,107.0,1.92,,,8.0,163.0,97.0,10.5,1.1,0.4,,19.0,59.0,81.0,250.0,13.5,40.0,91.0,140.0,111.0,38.1111111111111,,,650.0,15.8,49.0,Female,47.03,,,,,23.0,,31.0,105.0,1.63,,,8.0,239.0,96.0,10.3,,,,10.0,60.0,75.0,285.0,13.8,27.0,90.0,140.0,96.0,38.9,,,,13.0,,,,,24.0,,28.0,108.0,1.74,,,14.0,172.0,98.0,10.2,,,,14.0,89.0,,267.0,13.4,27.0,90.0,143.0,143.0,38.3,,,,12.4,,,,,25.0,,26.0,108.0,1.6,,,,165.0,97.0,9.6,,,,17.0,,,302.0,13.5,21.0,91.0,144.0,127.0,38.2222222222222,,,600.0,12.9,,,,,26.0,,25.0,108.0,1.56,,,,130.0,88.0,10.0,,,,17.0,102.0,,310.0,13.4,22.0,91.0,144.0,131.0,37.4,,,1200.0,11.0,,,,3.0,,,23.0,,1.41,,,,,77.0,10.3,,,,21.0,106.0,,332.0,13.3,22.0,91.0,,137.0,37.3,,,325.0,10.1,,,,,,,,,,,,,,,,,,,,,,,,,,,,,,,,,,,,,,,,,,,,,,,,,,,,,,,,,,,,,,,,,,,,,,,,,,,,,,,,,,,,,,,,,,,,,,,,,,,,,,,,,,,,,,,,,,,,,,,,,,,,,,,,,,,,,,,,,,,,,,,,,,,,,,,,,,,,,,,,,,,,,,,,,,,,,,,,,,,,,,,,,,,,,,,,,,,,,,,,,,,,,,,,,,,,,,,,,,,,,,,,,,,,,,,,,,,,,,,,,,,,,,,,,,,,,,,,,,,,,,,,,,,,,,,,,,,,,,,,,,,,,,,,,,,,,,,,,,,,,,,,,,,,,,,,,,,,,,,,,,,,,,,,,,,,,,,,,,,,,,,,,,,,,,,,,,,,,,,,,,,,,,,,,,,,,,,,,,,,,,,,,,,,,,,,,,,,,,,,,,,,,,,,,,,,,,,,,,,,,,,,,,,,,,,,,,,,,,,,,,,,,,,,,,,,,,,,,,,,,,,,,,,,,,,,,,,,,,,,,,,,,,,,,,,,,,,,,,,,,,,,,,,,,,,,,,,,,,,,,,,,,,,,,,,,,,,,,,,,,,,,,,,,,,,,,,,,,,,,,,,,,,,,,,,,,,,,,,,,,,,,,,,,,,,,,,,,,,,,,,,,,,,,,,,,,,,,,,,,,,,,,,,,,,,,,,,,,,,,,,,,,,,,,,,,,,,,,,,,,,,,,,,,,,,,,,,,,,,,,,,,,,,,,,,,,,,,,,,,,,,,
149049,,,,,21.0,,44.0,107.0,4.49,,,9.0,161.0,124.0,10.6,,,,9.0,61.0,65.0,226.0,14.4,30.0,91.0,144.0,86.0,38.2222222222222,0.16,,,13.0,50.0,Male,43.32,2.7,24.0,28.0,,23.0,0.4,51.0,108.0,4.44,,,15.0,104.0,106.0,10.6,1.0,,,15.0,83.0,60.0,207.0,14.7,30.0,92.0,145.0,122.0,37.7222222222222,0.23,,,10.2,,,,,28.0,,55.0,103.0,4.13,,,15.0,106.0,101.0,,,,,,80.0,,,,44.0,91.0,140.0,106.0,37.7222222222222,,,,,,,,,29.0,,63.0,100.0,4.28,,,15.0,122.0,93.0,10.8,,,,,77.0,,221.0,13.9,24.0,92.0,136.0,114.0,37.3,,,,10.1,,,,,27.0,,81.0,96.0,5.21,,,,166.0,100.0,,,,,,,,,,20.0,92.0,133.0,123.0,36.8,,,,,,,,,,,,,,,,,,95.0,,,,,,67.0,,,,24.0,91.0,,88.0,37.2222222222222,,,,,2.7,27.0,26.0,2.0,24.0,0.2,113.0,96.0,6.17,,,,138.0,93.0,9.6,,,,9.0,,85.0,227.0,13.7,22.0,93.0,136.0,70.0,37.0,,,,10.5,,,,,,,,,,,,,,83.0,,,,,,102.0,,,,20.0,93.0,,117.0,37.2222222222222,,,,,,,,,,,,,,,,,,82.0,,,,,,,,,,22.0,93.0,,99.0,37.0,,,,,,,,,30.0,,70.0,97.0,5.8,,,,192.0,78.0,10.5,,,,6.0,96.0,,180.0,14.0,20.0,92.0,136.0,103.0,36.6111111111111,,,,15.8,,,,,,,,,,,,,,81.0,,,,,,,,,,20.0,94.0,,138.0,37.4,,,,,,,,,,,,,,,,,,72.0,,,,,,,,,,20.0,96.0,,132.0,37.1111111111111,,,1000.0,,,,,,30.0,,68.0,98.0,3.75,,,,181.0,76.0,9.8,,,,13.0,,,154.0,14.6,20.0,94.0,132.0,144.0,36.8,,,1525.0,13.2,2.9,67.0,33.0,,31.0,0.3,41.0,99.0,2.95,,,,121.0,75.0,10.6,,,,15.0,,,144.0,15.0,20.0,96.0,136.0,133.0,36.8,,,1100.0,12.0,,,,,31.0,,46.0,101.0,3.05,,,,108.0,84.0,10.8,,,,,119.0,,150.0,15.0,20.0,96.0,136.0,150.0,37.2222222222222,,,1650.0,11.3,,,,,28.0,,46.0,104.0,3.01,,,,97.0,78.0,10.4,,,,,,,142.0,15.0,20.0,95.0,141.0,152.0,36.9,,,700.0,10.7,,,,,,,,,,,,,,77.0,,,,,,100.0,,,,20.0,95.0,,151.0,36.9,,,1750.0,,,,,,,,,,,,,,,,,,,,,,,,,,96.0,,,36.8,,,600.0,,,,,,,,,,,,,,,,,,,,,,,,,,,,,,,,,,,,,,,,,,,,,,,,,,,,,,,,,,,,,,,,,,,,,,,,,,,,,,,,,,,,,,,,,,,,,,,,,,,,,,,,,,,,,,,,,,,,,,,,,,,,,,,,,,,,,,,,,,,,,,,,,,,,,,,,,,,,,,,,,,,,,,,,,,,,,,,,,,,,,,,,,,,,,,,,,,,,,,,,,,,,,,,,,,,,,,,,,,,,,,,,,,,,,,,,,,,,,,,,,,,,,,,,,,,,,,,,,,,,,,,,,,,,,,,,,,,,,,,,,,,,,,,,,,,,,,,,,,,,,,,,,,,,,,,,,,,,,,,,,
149542,3.3,53.0,53.0,,22.0,0.2,27.0,108.0,1.71,,,3.0,79.0,122.0,8.9,1.0,,,25.0,18.0,111.0,236.0,17.4,39.0,87.0,142.0,124.0,38.4,,,,7.9,60.0,Female,56.52,,,,,26.0,,21.0,110.0,1.57,,,15.0,99.0,92.0,8.6,,,,30.0,70.0,,208.0,17.4,34.0,91.0,142.0,107.0,38.6111111111111,,,,6.9,,,,,26.0,,18.0,107.0,1.5,,,15.0,123.0,100.0,9.0,,,,37.0,68.0,,178.0,17.4,33.0,74.0,138.0,120.0,39.1111111111111,,,,5.7,2.2,25.0,24.0,,26.0,0.2,18.0,106.0,1.48,,,15.0,117.0,76.0,8.6,,,,,,,179.0,17.0,20.0,92.0,137.0,138.0,36.9,,,,5.3,2.3,25.0,21.0,,30.0,0.2,14.0,104.0,1.19,,,,118.0,81.0,8.7,,,,,,,190.0,16.6,20.0,95.0,138.0,137.0,36.8,,,,4.2,,,,,,,,,,,,,,84.0,,,,,,,,,,19.0,94.0,,134.0,37.0,,,,,,,,,,,,,,,,,,,,,,,,,,,,,,,,,,,,,,,,,,,,,,,,,,,,,,,,,,,,,,,,,,,,,,,,,,,,,,,,,,,,,,,,,,,,,,,,,,,,,,,,,,,,,,,,,,,,,,,,,,,,,,,,,,,,,,,,,,,,,,,,,,,,,,,,,,,,,,,,,,,,,,,,,,,,,,,,,,,,,,,,,,,,,,,,,,,,,,,,,,,,,,,,,,,,,,,,,,,,,,,,,,,,,,,,,,,,,,,,,,,,,,,,,,,,,,,,,,,,,,,,,,,,,,,,,,,,,,,,,,,,,,,,,,,,,,,,,,,,,,,,,,,,,,,,,,,,,,,,,,,,,,,,,,,,,,,,,,,,,,,,,,,,,,,,,,,,,,,,,,,,,,,,,,,,,,,,,,,,,,,,,,,,,,,,,,,,,,,,,,,,,,,,,,,,,,,,,,,,,,,,,,,,,,,,,,,,,,,,,,,,,,,,,,,,,,,,,,,,,,,,,,,,,,,,,,,,,,,,,,,,,,,,,,,,,,,,,,,,,,,,,,,,,,,,,,,,,,,,,,,,,,,,,,,,,,,,,,,,,,,,,,,,,,,,,,,,,,,,,,,,,,,,,,,,,,,,,,,,,,,,,,,,,,,,,,,,,,,,,,,,,,,,,,,,,,,,,,,,,,,,,,,,,,,,,,,,,,,,,,,,,,,,,,,,,,,,,,,,,,,,,,,,,,,,,,,,,,,,,,,,,,,,,,,,,,,,,,,,,,,,,,,,
153418,3.6,379.0,421.0,,21.0,0.3,46.0,106.0,5.51,,,4.0,245.0,185.0,11.3,1.0,1.9,,40.0,52.0,74.0,171.0,14.5,34.0,94.0,143.0,86.0,36.1111111111111,0.16,,,12.6,55.0,Female,34.83,,,,,21.0,,52.0,104.0,6.75,,,4.0,161.0,100.0,10.8,,,,18.0,62.0,105.0,173.0,15.2,28.0,97.0,141.0,102.0,36.6111111111111,,,,9.9,2.6,168.0,76.0,,23.0,0.5,25.0,101.0,4.25,,,4.0,117.0,96.0,,,,,,72.0,,,,28.0,96.0,140.0,,38.0,,,,,,,,,,,,,,,,4.0,,92.0,10.4,,,,,74.0,,215.0,15.3,29.0,92.0,,89.0,37.6111111111111,,,,9.9,,,,,,,,,,,,4.0,,94.0,,,,,,74.0,,,,,97.0,,121.0,37.9,,,,,,,,,23.0,,44.0,102.0,6.3,,,4.0,229.0,92.0,,,,,,70.0,70.0,,,26.0,96.0,140.0,102.0,37.9,,,,,,,,,,,,,,,,6.0,,94.0,10.9,,,,14.0,74.0,,203.0,14.7,27.0,95.0,,96.0,39.0,,,230.0,10.6,,,,,24.0,,59.0,102.0,6.71,,,6.0,245.0,90.0,10.6,,,,13.0,68.0,,205.0,14.8,27.0,95.0,140.0,91.0,37.7222222222222,,,,11.7,,,,2.0,25.0,,42.0,97.0,4.86,,,6.0,273.0,102.0,10.0,,,,6.0,65.0,,224.0,14.6,27.0,91.0,137.0,84.0,38.3,,,,12.6,,,,2.0,24.0,,67.0,99.0,6.58,,,6.0,214.0,86.0,10.2,,,,11.0,75.0,,256.0,14.6,44.0,94.0,139.0,83.0,37.9,,,,12.9,2.3,32.0,25.0,,24.0,0.4,89.0,98.0,7.9,,,3.0,184.0,86.0,9.2,,,,17.0,52.0,,266.0,14.7,26.0,95.0,143.0,70.0,36.9,,,,11.9,,,,,26.0,,54.0,95.0,5.18,,,3.0,216.0,86.0,,,,,,70.0,,,,27.0,96.0,136.0,92.0,37.3,,,,,,,,,,,,,,,,,,74.0,,,,,,92.0,,,,19.0,79.0,,128.0,,,,,,,,,,,,,,,,,,,,,,,,,,,,,,,,,,,,,,,,,,,,,,,,,,,,,,,,,,,,,,,,,,,,,,,,,,,,,,,,,,,,,,,,,,,,,,,,,,,,,,,,,,,,,,,,,,,,,,,,,,,,,,,,,,,,,,,,,,,,,,,,,,,,,,,,,,,,,,,,,,,,,,,,,,,,,,,,,,,,,,,,,,,,,,,,,,,,,,,,,,,,,,,,,,,,,,,,,,,,,,,,,,,,,,,,,,,,,,,,,,,,,,,,,,,,,,,,,,,,,,,,,,,,,,,,,,,,,,,,,,,,,,,,,,,,,,,,,,,,,,,,,,,,,,,,,,,,,,,,,,,,,,,,,,,,,,,,,,,,,,,,,,,,,,,,,,,,,,,,,,,,,,,,,,,,,,,,,,,,,,,,,,,,,,,,,,,,,,,,,,,,,,,,,,,,,,,,,,,,,,,,,,,,,,,,,,,,,,,,,,,,,,,,,,,,,,,,,,,,,,,,,,,,,,,,,,,,,,,,,,,,,
156476,1.4,27.0,66.0,4.0,17.0,0.3,26.0,114.0,1.12,,,,169.0,107.0,9.6,0.9,2.0,,8.0,61.0,75.0,243.0,15.4,25.0,93.0,144.0,105.0,38.5,,,,26.3,53.0,Female,20.39,,,,6.0,17.0,,33.0,116.0,1.18,,,3.0,140.0,103.0,8.7,,,,5.0,61.0,128.0,266.0,15.7,24.0,90.0,146.0,80.0,37.6111111111111,,,,26.8,,,,,19.0,,48.0,117.0,1.34,,,3.0,139.0,94.0,8.5,,,,4.0,63.0,79.0,227.0,16.1,30.0,88.0,151.0,81.0,36.9,,,,22.2,,,,2.0,23.0,,60.0,115.0,1.38,,,3.0,133.0,102.0,7.9,,,,4.0,63.0,65.0,258.0,15.6,30.0,85.0,149.0,110.0,37.3,,,,20.6,,,,15.0,25.0,,53.0,113.0,1.38,,,3.0,130.0,113.0,8.8,,,,8.0,80.0,66.0,347.0,15.5,25.0,88.0,147.0,116.0,37.2222222222222,,,,20.0,,,,3.0,27.0,,50.0,110.0,1.38,,,3.0,153.0,132.0,9.6,,,,4.0,70.0,74.0,388.0,15.3,28.0,85.0,146.0,96.0,36.8,,,,20.9,,,,,31.0,,53.0,108.0,1.31,,,3.0,190.0,135.0,9.3,,,,7.0,89.0,76.0,344.0,14.7,31.0,90.0,145.0,114.0,37.8,,,,19.8,,,,3.0,35.0,,54.0,111.0,1.23,,,3.0,162.0,124.0,7.7,,,,3.0,41.0,116.0,321.0,14.3,30.0,94.0,151.0,60.0,37.8,,,,18.2,,,,,34.0,,48.0,108.0,1.15,,,3.0,208.0,116.0,7.5,,,,8.0,65.0,76.0,325.0,14.3,35.0,91.0,147.0,87.0,37.6111111111111,,,,14.2,,,,,32.0,,41.0,108.0,1.09,,,3.0,132.0,126.0,7.4,,,,9.0,72.0,61.0,375.0,14.0,33.0,92.0,146.0,97.0,37.8,,,,16.9,,,,,29.0,,34.0,108.0,0.98,,,3.0,124.0,118.0,7.1,,,,8.0,79.0,72.0,399.0,14.0,,94.0,146.0,106.0,38.1111111111111,,,,16.3,,,,,28.0,,32.0,108.0,0.94,,,4.0,184.0,118.0,7.8,,,,7.0,85.0,62.0,409.0,15.6,28.0,94.0,144.0,113.0,38.1111111111111,,,,14.8,,,,,28.0,,35.0,106.0,0.96,,,6.0,237.0,105.0,7.1,,,,10.0,78.0,69.0,422.0,15.0,26.0,92.0,142.0,112.0,37.8,,,,12.5,,,,,32.0,,34.0,104.0,0.91,,,6.0,195.0,94.0,7.0,,,,13.0,74.0,,344.0,14.5,30.0,93.0,142.0,103.0,37.6111111111111,,,,9.0,,,,,32.0,,31.0,101.0,0.84,,,11.0,140.0,83.0,7.9,,,,11.0,83.0,,378.0,14.7,27.0,93.0,138.0,113.0,37.3,,,,11.3,,,,,33.0,,29.0,103.0,0.82,,,15.0,175.0,97.0,9.6,,,,10.0,93.0,,469.0,14.5,28.0,92.0,140.0,127.0,37.0,,,,13.3,,,,,33.0,,25.0,103.0,0.81,,,14.0,93.0,108.0,10.0,,,,8.0,101.0,,491.0,14.3,20.0,90.0,143.0,137.0,36.8,,,,14.7,,,,,,,,,,,,,,,,,,,,,,,,,,,,,,,,,,,,,,,,,,,,,,,,,,,,,,,,,,,,,,,,,,,,,,,,,,,,,,,,,,,,,,,,,,,,,,,,,,,,,,,,,,,,,,,,,,,,,,,,,,,,,,,,,,,,,,,,,,,,,,,,,,,,,,,,,,,,,,,,,,,,,,,,,,,,,,,,,,,,,,,,,,,,,,,,,,,,,,,,,,,,,,,,,,,,,,,,,,,,,,,,,,,,,,,,,,,,,,,,,,,,,,,,,,,,,,,,,,,,,,,,,,,,,,,,,,,,,,,,,,,,,,,,,,,,,,,,,,,,,,,,,,,,,,,,,,,,,,,,,,,,,,,,,,,,,,,,,,,,,,,,,,,,,,,,
